# ID,targets
4242,7
28,2
10,2
15,7
21713,2
15603,2
13590,7
14,2
10005,7
5875,2
39,7
46,2
51,7
57,7
58,2
63,7
65,2
67,2
77,7
82,7
91,2
97,2
99,7
104,7
105,2
110,2
114,7
115,2
124,7
125,7
129,2
130,7
132,2
135,2
138,2
162,2
168,7
171,7
183,7
185,2
191,7
193,7
195,2
203,7
204,7
207,7
208,7
213,7
218,2
238,7
240,2
242,2
244,7
246,2
250,7
255,2
260,2
261,2
262,7
276,7
280,7
290,2
296,7
298,7
301,7
308,7
309,7
310,7
315,2
320,2
324,7
326,2
328,2
334,2
338,2
339,7
341,7
345,7
349,7
356,2
362,7
382,7
388,7
391,2
392,7
398,2
407,2
422,2
425,2
426,2
427,2
428,2
444,7
458,7
464,2
467,7
469,7
472,7
476,7
485,7
494,7
496,2
497,7
503,7
504,7
509,2
510,7
513,2
520,2
526,7
529,2
532,7
538,7
540,7
541,2
543,7
548,2
558,7
565,7
568,2
575,2
580,7
582,2
585,2
599,2
603,7
606,7
617,7
628,2
629,2
630,7
632,7
644,7
657,2
658,2
659,2
664,7
665,7
669,2
672,7
680,7
691,7
695,2
696,2
701,2
706,7
714,2
715,7
721,2
727,7
728,7
731,2
734,7
780,2
787,2
795,7
799,2
804,7
807,2
811,7
818,7
823,7
829,2
846,7
849,2
850,2
851,2
855,2
857,2
860,7
869,2
870,2
880,7
882,2
885,2
890,2
895,7
900,7
915,2
916,7
918,2
925,7
931,2
933,7
945,2
950,2
957,2
959,2
962,2
969,2
971,7
972,7
973,2
976,7
989,7
992,7
1003,7
1006,2
1009,2
1020,7
1023,7
1038,7
1039,7
1042,7
1051,7
1054,7
1063,2
1066,2
1071,7
1076,7
1077,7
1091,7
1092,7
1093,2
1094,2
1111,7
1113,2
1114,7
1115,7
1117,7
1128,7
1136,7
1137,7
1143,7
1145,2
1154,2
1162,7
1164,2
1169,7
1171,7
1176,2
1178,2
1190,2
1193,2
1195,7
1196,7
1199,2
1202,2
1203,2
1218,7
1219,2
1222,7
1223,2
1225,2
1229,2
1235,7
1237,7
1243,7
1244,7
1249,2
1259,7
1261,7
1262,7
1270,2
1273,7
1275,7
1280,2
1292,2
1294,2
1302,2
1307,7
1323,2
1329,2
1332,7
1334,2
1348,2
1352,2
1355,7
1369,7
1372,2
1374,7
1387,7
1390,7
1394,7
1398,2
1404,7
1405,7
1411,7
1419,7
1423,2
1424,2
1426,2
1428,7
1429,2
1431,2
1436,2
1443,2
1450,2
1455,7
1462,2
1467,2
1478,2
1479,7
1480,2
1481,7
1483,7
1485,7
1489,7
1491,7
1492,2
1496,7
1504,2
1507,2
1517,2
1528,7
1536,7
1540,7
1541,2
1543,7
1544,2
1558,2
1559,7
1570,7
1572,2
1581,2
1582,7
1585,2
1590,2
1592,7
1595,2
1607,7
1609,2
1611,7
1620,2
1625,7
1636,2
1637,7
1639,7
1640,7
1642,7
1647,7
1651,7
1654,2
1659,7
1660,7
1666,7
1671,7
1672,7
1681,7
1710,7
1713,7
1715,7
1726,2
1731,7
1745,2
1750,7
1753,7
1760,2
1769,7
1770,2
1776,7
1777,2
1783,7
1786,2
1793,2
1796,7
1798,7
1800,2
1808,7
1815,2
1817,7
1818,7
1821,7
1829,2
1838,2
1845,7
1850,7
1852,7
1853,7
1854,7
1861,2
1866,2
1868,7
1873,7
1874,2
1875,2
1878,2
1885,2
1896,7
1899,2
1901,7
1907,2
1908,2
1910,2
1912,7
1922,7
1928,2
1929,2
1930,7
1935,2
1936,2
1945,7
1946,2
1951,2
1971,2
1972,7
1980,2
1981,7
1982,7
1986,2
1989,2
1995,2
1997,2
2009,2
2010,2
2016,2
2023,2
2024,7
2025,7
2042,2
2044,2
2045,2
2046,7
2049,7
2051,7
2053,7
2054,2
2059,2
2070,7
2076,7
2077,7
2079,7
2084,7
2087,2
2088,7
2090,2
2099,7
2102,7
2103,7
2105,2
2107,7
2108,7
2109,2
2113,2
2123,7
2127,2
2133,7
2134,7
2135,7
2137,2
2144,7
2151,7
2155,2
2156,2
2160,7
2164,7
2165,7
2173,7
2176,7
2182,7
2189,2
2191,2
2197,7
2206,2
2211,2
2212,7
2222,7
2228,7
2238,7
2239,2
2242,2
2243,2
2245,2
2248,7
2256,2
2257,7
2260,7
2265,7
2287,2
2300,2
2307,2
2308,2
2310,7
2316,7
2320,7
2329,7
2330,2
2336,2
2337,7
2339,7
2347,2
2349,2
2356,7
2360,7
2364,7
2372,2
2376,7
2385,7
2390,2
2397,7
2404,2
2408,7
2415,7
2425,7
2427,7
2431,7
2443,7
2445,7
2454,2
2467,2
2469,7
2472,7
2479,7
2486,2
2494,2
2495,2
2496,7
2511,7
2518,2
2519,2
2530,7
2532,2
2535,7
2546,7
2548,7
2556,7
2574,2
2576,7
2584,7
2585,7
2599,2
2605,2
2608,7
2610,2
2612,2
2615,7
2622,7
2624,7
2628,2
2629,7
2630,2
2636,2
2637,7
2643,7
2646,2
2647,7
2649,2
2655,2
2658,2
2660,7
2671,2
2681,2
2682,2
2684,2
2690,2
2695,2
2696,2
2701,7
2716,7
2729,2
2730,2
2733,2
2734,7
2739,2
2747,2
2749,7
2751,7
2753,2
2757,7
2775,7
2777,7
2781,7
2785,2
2788,2
2791,2
2794,2
2802,7
2807,7
2810,2
2819,2
2821,2
2823,7
2825,2
2834,7
2838,2
2839,2
2841,7
2847,7
2849,2
2856,7
2861,2
2862,2
2871,7
2878,7
2879,2
2890,2
2892,2
2898,2
2901,2
2906,7
2922,2
2923,7
2927,2
2928,2
2932,7
2937,2
2938,7
2939,7
2942,2
2948,2
2949,2
2952,7
2953,7
2956,2
2958,7
2965,7
2966,7
2969,2
2977,7
2980,7
2983,2
2990,2
2991,2
2993,7
2998,2
3000,7
3003,7
3011,7
3033,7
3036,2
3043,7
3049,2
3055,2
3056,2
3057,7
3059,2
3068,2
3077,2
3078,7
3079,7
3082,7
3098,2
3099,2
3103,7
3106,2
3108,7
3112,2
3119,2
3120,2
3127,7
3131,2
3132,7
3135,2
3142,2
3143,7
3145,7
3161,2
3162,2
3164,2
3171,7
3172,7
3185,2
3192,7
3201,2
3202,2
3211,2
3216,2
3218,7
3225,2
3230,2
3235,2
3239,2
3244,2
3251,2
3256,2
3257,2
3266,7
3274,7
3285,7
3286,7
3289,2
3290,2
3291,2
3294,7
3300,2
3304,2
3308,7
3313,7
3315,2
3319,7
3321,2
3325,7
3328,7
3332,7
3336,7
3338,7
3341,7
3354,7
3372,7
3377,7
3382,7
3385,2
3388,2
3391,2
3395,7
3397,7
3400,7
3409,7
3416,7
3435,2
3436,7
3439,7
3448,2
3449,7
3452,7
3457,7
3458,7
3459,7
3463,2
3464,2
3470,2
3472,7
3477,2
3482,2
3492,2
3495,7
3498,7
3508,7
3511,2
3515,7
3516,2
3519,2
3523,7
3530,2
3533,7
3537,7
3538,2
3540,7
3546,7
3547,7
3551,7
3555,7
3558,7
3563,2
3573,2
3577,7
3579,7
3580,7
3586,7
3594,2
3596,7
3598,7
3602,2
3603,7
3604,2
3606,7
3613,2
3618,2
3630,7
3638,7
3643,2
3645,2
3646,2
3649,2
3654,7
3658,2
3659,7
3661,7
3663,2
3664,7
3673,2
3675,2
3676,7
3687,2
3706,7
3707,2
3717,2
3721,7
3730,2
3740,2
3743,2
3747,2
3750,7
3757,7
3760,7
3763,7
3771,7
3772,2
3781,7
3782,2
3787,2
3788,7
3791,7
3793,2
3798,2
3802,2
3814,2
3836,7
3841,2
3843,7
3844,7
3845,2
3859,2
3860,7
3863,7
3881,2
3896,7
3901,7
3903,7
3907,7
3913,7
3914,2
3924,7
3931,7
3934,7
3951,2
3955,7
3958,2
3959,7
3960,7
3962,7
3963,2
3971,7
3974,2
3975,2
3977,7
3980,7
3981,2
3984,7
3988,2
3998,7
4000,2
4007,2
4013,7
4018,7
4024,7
4027,7
4031,2
4033,7
4044,2
4045,2
4046,2
4050,7
4051,7
4066,7
4067,7
4071,7
4073,7
4079,2
4100,7
4110,2
4117,2
4118,2
4121,7
4128,7
4135,7
4152,7
4157,2
4160,7
4166,2
4172,7
4175,7
4176,7
4177,7
4180,7
4181,7
4183,7
4196,2
4200,2
4202,2
4204,7
4207,7
4211,7
4216,2
4219,7
4222,2
4230,7
4231,7
4238,2
4242,7
4251,7
4254,7
4256,7
4257,7
4266,2
4283,2
4290,2
4291,7
4299,2
4307,7
4309,2
4320,7
4322,2
4338,2
4343,2
4346,2
4349,7
4351,2
4355,7
4363,2
4369,2
4370,7
4376,2
4377,2
4381,2
4382,7
4387,2
4400,2
4403,7
4409,7
4414,7
4421,2
4425,7
4426,2
4435,7
4438,7
4440,7
4442,7
4447,2
4451,7
4464,7
4465,7
4468,2
4472,7
4484,7
4487,7
4490,7
4494,7
4510,7
4514,2
4515,2
4516,2
4517,7
4523,2
4531,7
4532,2
4533,7
4534,2
4542,2
4544,2
4550,2
4553,2
4557,2
4567,2
4568,2
4571,2
4578,7
4580,2
4585,7
4588,2
4606,7
4612,7
4617,2
4621,7
4622,7
4624,7
4626,7
4627,7
4630,2
4631,2
4639,2
4644,2
4650,2
4652,7
4653,7
4661,2
4665,7
4666,7
4675,7
4677,2
4680,2
4685,7
4690,2
4694,7
4695,2
4697,7
4701,2
4718,7
4720,2
4723,7
4724,2
4727,7
4728,7
4730,7
4731,2
4742,2
4743,2
4748,7
4752,2
4756,7
4761,7
4771,7
4787,7
4790,2
4795,2
4798,2
4802,7
4804,2
4807,7
4810,2
4811,7
4813,7
4815,2
4828,2
4830,2
4831,2
4832,7
4838,2
4848,2
4851,2
4852,7
4857,7
4864,2
4877,2
4879,7
4887,2
4889,2
4893,7
4901,2
4903,2
4904,2
4909,2
4911,2
4914,2
4916,2
4951,7
4957,2
4959,7
4960,7
4961,2
4962,2
4963,7
4968,7
4971,7
4978,2
4982,7
4990,7
4991,7
4996,2
5004,7
5008,7
5020,2
5025,2
5038,7
5040,7
5046,2
5049,7
5050,2
5056,2
5063,2
5070,7
5075,7
5101,7
5107,2
5109,7
5111,7
5119,2
5120,2
5126,2
5128,7
5131,7
5134,7
5145,7
5146,7
5147,7
5149,7
5157,7
5169,7
5176,7
5177,2
5180,2
5181,2
5183,7
5187,7
5189,7
5192,7
5193,7
5204,2
5209,2
5222,2
5223,2
5224,7
5227,2
5233,7
5234,7
5236,7
5240,7
5241,2
5247,7
5253,7
5257,2
5267,2
5272,7
5276,7
5278,2
5283,7
5291,7
5300,2
5301,2
5304,7
5306,2
5308,7
5316,7
5322,2
5327,2
5336,7
5338,7
5348,7
5357,2
5370,2
5373,2
5379,7
5383,7
5390,7
5404,7
5406,7
5407,2
5411,7
5412,7
5420,7
5432,2
5437,7
5438,7
5439,7
5442,2
5443,7
5457,2
5469,2
5470,2
5476,2
5477,7
5506,7
5511,7
5512,2
5519,7
5523,2
5530,7
5531,7
5532,7
5540,7
5543,7
5553,2
5554,7
5563,2
5564,2
5567,2
5573,2
5576,2
5581,7
5590,2
5597,7
5598,7
5604,2
5605,2
5607,2
5615,2
5617,7
5633,7
5644,2
5645,7
5647,2
5649,2
5651,7
5662,7
5663,7
5670,7
5671,7
5693,2
5697,2
5703,7
5705,7
5708,2
5710,7
5713,7
5719,7
5722,2
5724,2
5732,7
5738,2
5749,7
5750,7
5752,7
5764,2
5773,2
5783,7
5799,2
5801,7
5808,7
5815,7
5817,7
5820,7
5821,7
5829,7
5830,7
5835,7
5837,7
5843,2
5847,2
5852,2
5873,2
5875,2
5881,2
5892,2
5896,2
5897,2
5899,7
5900,7
5901,2
5902,7
5904,2
5909,7
5917,7
5919,7
5926,7
5937,7
5938,7
5941,2
5959,7
5960,2
5963,7
5967,2
5969,7
5972,2
5975,2
5986,7
5991,7
5993,2
6006,2
6009,2
6035,7
6038,7
6040,7
6043,2
6044,2
6047,2
6051,7
6053,2
6055,2
6057,2
6059,2
6061,7
6069,2
6073,7
6077,2
6084,7
6089,7
6093,7
6113,2
6119,2
6131,2
6137,2
6141,7
6143,2
6152,7
6158,7
6164,7
6169,7
6170,2
6175,2
6187,7
6195,2
6197,7
6199,2
6213,7
6215,7
6220,2
6230,7
6236,7
6247,2
6250,7
6253,7
6256,7
6264,7
6266,2
6273,2
6291,2
6292,7
6294,2
6297,2
6303,7
6305,7
6313,7
6326,7
6333,7
6334,2
6345,7
6348,7
6352,7
6365,2
6373,7
6377,2
6379,2
6382,2
6388,7
6389,2
6390,7
6392,7
6394,2
6395,7
6401,7
6403,2
6410,7
6415,2
6419,7
6426,7
6427,2
6438,2
6446,2
6450,2
6452,2
6458,2
6465,2
6472,2
6475,7
6476,7
6478,2
6479,7
6489,2
6493,2
6502,2
6513,7
6521,2
6543,7
6554,7
6563,2
6574,7
6580,7
6589,2
6600,7
6606,2
6613,2
6619,2
6622,2
6625,7
6627,2
6630,7
6633,2
6637,2
6644,2
6657,7
6659,7
6661,7
6666,2
6669,7
6673,2
6675,2
6682,2
6699,7
6701,2
6702,2
6706,2
6708,7
6715,7
6716,2
6726,7
6743,2
6747,2
6754,7
6760,7
6764,2
6765,7
6767,2
6769,2
6772,7
6775,2
6777,7
6778,7
6779,7
6780,2
6786,2
6794,2
6807,2
6818,7
6824,2
6828,2
6830,7
6833,7
6835,7
6840,2
6841,2
6842,2
6849,7
6854,7
6856,2
6861,7
6869,2
6870,7
6881,7
6893,2
6896,7
6916,7
6919,2
6924,7
6927,2
6928,2
6929,2
6937,2
6951,7
6954,7
6963,2
6970,7
6977,7
6985,7
6993,2
7000,7
7002,2
7003,2
7007,7
7008,2
7016,7
7024,7
7032,2
7036,2
7044,2
7053,2
7059,7
7064,7
7069,7
7070,7
7074,2
7076,2
7077,2
7078,2
7080,2
7084,2
7085,2
7098,2
7099,2
7101,7
7106,2
7110,7
7112,2
7114,7
7121,7
7123,2
7130,2
7138,7
7140,7
7146,2
7151,2
7157,2
7160,2
7165,2
7166,2
7179,2
7183,2
7184,7
7188,7
7191,7
7195,2
7198,7
7200,2
7206,2
7222,2
7227,2
7231,7
7232,2
7239,2
7241,2
7243,2
7248,2
7255,2
7263,7
7272,2
7276,2
7288,2
7291,2
7301,7
7304,2
7305,7
7307,7
7321,7
7322,2
7324,7
7326,7
7327,7
7328,2
7330,7
7332,7
7334,7
7341,2
7345,7
7349,2
7350,2
7353,7
7354,2
7357,2
7358,7
7359,2
7365,2
7371,2
7375,2
7377,2
7382,2
7384,2
7386,7
7388,2
7389,2
7394,2
7399,7
7400,2
7403,7
7405,2
7409,7
7411,2
7415,2
7420,2
7426,2
7430,2
7433,7
7451,2
7453,7
7454,7
7469,2
7474,7
7481,2
7484,2
7485,7
7488,7
7490,2
7491,7
7502,7
7508,7
7511,2
7512,7
7529,2
7535,7
7540,2
7548,7
7550,7
7551,7
7555,2
7557,7
7563,2
7570,2
7572,7
7581,7
7584,7
7593,7
7595,2
7601,7
7608,7
7613,2
7614,7
7620,2
7622,7
7626,2
7628,7
7631,2
7633,2
7638,7
7640,2
7646,2
7647,7
7654,2
7655,2
7659,2
7666,7
7669,2
7674,7
7676,7
7692,7
7695,2
7698,7
7710,2
7716,7
7717,7
7718,7
7721,2
7725,2
7738,2
7750,7
7751,2
7756,7
7762,2
7765,2
7769,2
7770,7
7776,2
7777,2
7778,2
7787,2
7791,7
7797,2
7801,7
7803,2
7815,2
7818,2
7820,7
7821,2
7831,7
7832,2
7836,2
7850,2
7851,2
7855,7
7866,7
7868,2
7878,7
7882,2
7885,2
7893,2
7894,7
7907,2
7908,7
7911,7
7912,7
7918,2
7919,7
7921,7
7923,7
7934,2
7935,2
7939,2
7942,2
7943,7
7945,7
7950,7
7960,7
7961,2
7962,7
7965,7
7972,7
7974,2
7975,2
7980,2
7983,2
7985,7
7986,7
7988,2
7989,2
7991,2
8002,2
8015,7
8029,7
8035,7
8036,7
8044,7
8046,2
8053,2
8056,7
8058,2
8062,2
8063,2
8064,2
8066,2
8067,2
8071,2
8075,2
8079,7
8081,2
8083,2
8086,7
8089,2
8092,2
8094,2
8104,7
8111,7
8113,2
8117,7
8133,2
8135,2
8138,2
8140,2
8144,7
8145,7
8148,7
8151,7
8156,2
8163,2
8165,7
8170,2
8175,2
8177,7
8178,7
8182,2
8188,2
8193,7
8199,7
8207,7
8209,7
8211,2
8217,7
8218,7
8220,7
8224,7
8234,2
8238,2
8249,7
8253,2
8257,2
8260,7
8265,2
8273,7
8278,7
8280,2
8287,7
8288,2
8303,7
8305,7
8317,2
8318,2
8321,2
8322,2
8332,7
8333,7
8347,2
8352,2
8362,2
8366,7
8367,7
8404,2
8410,2
8416,7
8417,7
8422,7
8425,7
8427,7
8432,7
8437,7
8444,7
8452,2
8454,7
8465,7
8467,7
8480,2
8481,2
8494,7
8495,2
8503,7
8504,2
8506,2
8509,2
8510,2
8511,7
8516,2
8518,2
8530,7
8535,2
8545,2
8552,2
8559,7
8566,2
8567,7
8568,7
8572,2
8576,7
8580,7
8585,7
8589,2
8593,2
8597,2
8601,7
8602,7
8613,7
8617,7
8628,7
8639,7
8641,7
8644,2
8650,2
8651,7
8652,2
8654,2
8658,2
8665,7
8674,7
8676,7
8678,2
8682,7
8685,7
8693,2
8697,7
8699,7
8702,2
8703,2
8707,7
8708,7
8715,7
8723,2
8727,2
8730,2
8732,7
8738,2
8758,7
8759,7
8769,7
8770,2
8779,2
8784,2
8796,2
8798,7
8799,7
8805,7
8806,2
8814,2
8824,2
8825,2
8826,7
8830,2
8839,7
8842,7
8843,2
8845,2
8852,2
8857,7
8860,2
8862,2
8864,7
8867,2
8871,2
8873,7
8878,2
8880,7
8885,7
8889,7
8894,2
8906,2
8915,7
8921,2
8943,7
8944,2
8965,2
8971,2
8976,7
8982,2
9001,7
9009,7
9011,2
9012,7
9017,2
9018,7
9025,2
9032,2
9034,2
9051,2
9052,7
9067,7
9069,2
9078,2
9080,7
9084,7
9093,2
9100,7
9102,2
9104,2
9113,7
9118,7
9125,7
9127,2
9130,7
9132,2
9136,7
9152,7
9158,2
9159,7
9162,2
9165,7
9168,2
9172,2
9179,2
9180,7
9189,7
9196,7
9197,7
9210,7
9215,7
9227,2
9231,7
9232,7
9244,7
9255,7
9269,7
9272,7
9273,2
9283,7
9289,2
9290,7
9295,7
9296,2
9297,7
9301,2
9304,7
9316,2
9318,2
9320,2
9323,2
9333,2
9345,7
9357,7
9359,2
9372,7
9375,7
9377,7
9378,2
9379,7
9385,2
9387,2
9390,7
9394,2
9397,2
9410,2
9411,7
9423,7
9427,7
9428,7
9439,2
9443,2
9446,7
9447,2
9451,7
9452,7
9453,7
9461,7
9467,2
9468,2
9475,7
9479,7
9480,7
9484,2
9503,7
9508,2
9512,7
9514,7
9515,2
9524,2
9537,7
9543,2
9550,2
9552,7
9554,2
9555,7
9556,2
9559,2
9564,7
9572,2
9576,2
9577,7
9582,2
9593,7
9595,2
9613,7
9614,7
9622,7
9626,7
9628,7
9634,7
9639,7
9665,7
9666,7
9672,2
9691,7
9696,2
9699,7
9704,7
9709,2
9711,7
9714,2
9718,7
9720,2
9723,2
9728,7
9732,2
9734,7
9743,2
9744,2
9748,2
9756,2
9758,7
9765,2
9773,7
9776,2
9777,7
9796,2
9801,2
9817,7
9825,7
9835,2
9839,2
9841,2
9845,7
9852,7
9860,2
9874,7
9879,2
9883,7
9897,7
9900,7
9902,7
9907,7
9912,2
9923,7
9933,7
9942,7
9944,2
9951,7
9954,2
9963,2
9968,2
9976,7
9986,7
9992,7
9994,2
9996,2
9999,2
10005,7
10047,7
10050,2
10052,7
10054,7
10056,7
10058,7
10071,2
10072,2
10075,2
10078,7
10081,7
10085,2
10086,2
10088,7
10101,2
10110,7
10115,2
10119,7
10123,7
10124,2
10130,2
10132,2
10137,2
10140,7
10143,2
10149,2
10150,7
10157,2
10158,2
10167,7
10169,2
10190,7
10198,7
10201,2
10209,2
10212,2
10214,2
10215,2
10227,2
10228,7
10229,7
10230,2
10233,7
10237,2
10242,7
10247,2
10248,2
10251,2
10272,2
10284,7
10287,7
10288,7
10291,2
10302,7
10303,7
10307,2
10311,7
10324,2
10326,7
10327,2
10332,2
10341,2
10342,7
10347,7
10348,2
10350,7
10354,7
10358,7
10360,7
10361,7
10381,2
10382,7
10385,2
10386,7
10394,2
10407,7
10415,2
10419,7
10423,2
10424,2
10428,2
10434,2
10435,7
10438,2
10440,2
10449,7
10457,7
10464,7
10468,7
10470,2
10480,7
10481,7
10487,2
10488,2
10489,7
10491,7
10498,7
10501,2
10515,2
10521,7
10528,2
10532,2
10533,2
10534,7
10537,2
10539,7
10554,2
10563,7
10564,7
10565,7
10568,7
10569,2
10577,7
10578,7
10591,7
10592,7
10593,7
10597,7
10608,2
10613,2
10615,7
10620,7
10623,7
10626,7
10633,7
10635,7
10639,2
10640,7
10649,2
10654,2
10656,2
10658,7
10659,7
10664,2
10667,2
10668,7
10685,7
10688,2
10689,2
10692,7
10696,7
10698,7
10703,7
10710,2
10713,7
10716,7
10726,2
10740,7
10741,7
10745,2
10747,7
10753,7
10754,7
10755,2
10756,7
10759,2
10760,2
10761,2
10762,2
10773,7
10778,7
10783,2
10784,2
10794,7
10796,2
10800,7
10806,7
10811,2
10817,7
10819,2
10822,7
10823,2
10830,2
10831,7
10832,7
10836,2
10839,2
10845,2
10850,2
10853,2
10858,7
10860,2
10861,2
10873,2
10875,7
10882,7
10883,2
10886,7
10887,7
10894,7
10895,7
10897,7
10909,2
10915,2
10920,7
10921,7
10930,7
10935,2
10940,2
10947,2
10949,7
10953,7
10954,2
10960,2
10963,7
10964,2
10967,7
10968,2
10973,7
10975,7
10984,7
10988,7
10996,7
11004,2
11005,2
11009,2
11017,2
11019,7
11022,7
11031,7
11034,7
11035,2
11036,2
11038,2
11042,2
11050,7
11051,2
11052,7
11055,2
11061,7
11067,7
11069,2
11085,2
11089,7
11092,7
11096,2
11108,2
11119,2
11120,7
11121,7
11134,7
11139,7
11140,7
11142,2
11143,2
11144,7
11154,2
11165,2
11167,2
11170,7
11177,7
11187,7
11188,7
11190,7
11193,7
11195,7
11197,2
11201,2
11215,7
11217,7
11223,2
11226,2
11228,2
11229,7
11234,2
11236,7
11240,2
11244,2
11250,2
11253,2
11258,2
11260,7
11261,7
11264,7
11265,7
11266,2
11267,2
11268,2
11278,2
11279,2
11288,7
11296,7
11303,2
11313,7
11318,7
11319,2
11334,7
11335,7
11336,2
11340,2
11347,2
11349,7
11354,2
11359,2
11362,7
11365,2
11375,2
11376,7
11382,2
11384,2
11390,7
11394,2
11397,7
11406,2
11409,2
11411,2
11419,2
11421,7
11424,2
11426,2
11432,2
11439,7
11441,7
11444,2
11448,7
11454,7
11456,2
11469,7
11471,2
11474,2
11476,2
11478,7
11484,7
11485,2
11487,7
11497,7
11505,7
11507,2
11511,7
11515,2
11518,2
11523,2
11532,7
11543,7
11551,2
11554,2
11555,7
11557,7
11558,2
11559,7
11560,7
11562,2
11574,2
11580,7
11593,7
11601,2
11610,7
11612,7
11619,2
11625,7
11626,2
11628,7
11631,7
11632,2
11646,2
11647,7
11649,2
11651,2
11653,2
11659,7
11675,2
11679,7
11685,2
11687,2
11688,7
11691,7
11695,7
11701,2
11705,2
11707,2
11712,7
11714,2
11723,2
11727,2
11732,2
11748,7
11753,2
11760,7
11761,7
11767,7
11772,7
11773,2
11774,2
11779,2
11781,7
11782,7
11790,2
11793,2
11794,2
11799,7
11800,7
11803,7
11810,7
11815,7
11830,7
11834,7
11845,2
11856,7
11858,2
11859,7
11862,7
11866,7
11867,2
11870,2
11873,2
11888,7
11891,2
11892,7
11898,2
11908,7
11917,7
11920,2
11921,2
11931,2
11934,7
11937,2
11944,7
11968,7
11969,7
11973,2
11979,2
11982,7
11987,7
11992,2
11998,7
12001,2
12005,2
12015,2
12030,7
12047,2
12049,7
12050,7
12053,2
12058,2
12060,7
12078,2
12081,7
12085,2
12086,7
12094,7
12097,7
12115,2
12121,2
12122,2
12139,2
12140,2
12148,7
12151,2
12155,2
12164,7
12166,7
12173,2
12180,7
12185,2
12189,7
12204,7
12206,2
12208,7
12214,7
12215,7
12222,7
12223,7
12230,7
12231,2
12234,2
12235,7
12240,2
12242,2
12247,2
12254,7
12260,2
12264,2
12267,2
12270,2
12285,7
12294,2
12297,2
12301,7
12305,7
12306,2
12309,7
12312,2
12319,7
12325,2
12331,7
12345,7
12354,7
12365,2
12371,2
12382,2
12383,2
12392,7
12401,7
12416,2
12418,2
12425,7
12428,7
12432,7
12439,2
12441,7
12446,7
12447,2
12451,7
12452,2
12453,2
12465,2
12467,2
12469,2
12472,2
12481,2
12483,2
12486,2
12491,7
12498,7
12502,7
12518,2
12524,2
12543,2
12546,2
12547,7
12562,2
12567,2
12573,7
12579,2
12583,2
12589,7
12590,2
12597,2
12601,2
12603,2
12608,2
12609,7
12610,7
12628,2
12630,7
12631,2
12637,2
12640,7
12644,7
12651,7
12653,7
12656,2
12660,7
12664,7
12668,7
12674,7
12676,2
12691,7
12701,2
12702,7
12707,7
12709,7
12710,2
12713,7
12726,7
12728,2
12732,7
12733,2
12738,2
12741,2
12746,2
12751,2
12754,2
12755,2
12758,2
12769,2
12771,7
12777,2
12779,7
12781,7
12798,2
12804,2
12812,2
12815,7
12816,7
12821,7
12831,7
12832,2
12838,2
12847,7
12858,2
12860,2
12861,2
12863,2
12869,7
12879,7
12908,2
12911,7
12921,7
12922,7
12924,2
12934,2
12950,7
12953,2
12955,2
12960,2
12962,7
12965,2
12967,2
12971,7
12972,2
12973,2
12981,7
12985,7
12986,2
12987,2
12993,2
12995,7
12996,2
13000,2
13002,2
13005,7
13013,2
13014,7
13020,2
13025,7
13030,7
13033,7
13048,7
13051,2
13054,2
13063,2
13064,2
13068,7
13072,2
13076,2
13078,7
13089,2
13092,2
13098,7
13108,7
13115,2
13120,2
13122,2
13125,7
13129,7
13130,2
13147,7
13154,7
13157,2
13164,7
13165,2
13175,2
13180,2
13182,7
13187,2
13198,7
13199,2
13201,7
13203,2
13210,7
13213,7
13214,7
13220,7
13221,2
13222,7
13224,7
13225,7
13226,2
13228,7
13229,7
13245,2
13252,7
13258,2
13259,2
13260,2
13278,2
13288,7
13289,7
13293,2
13300,7
13301,2
13305,7
13308,2
13311,7
13313,7
13319,7
13325,2
13333,2
13338,7
13365,2
13377,7
13384,7
13389,7
13393,2
13395,7
13399,7
13400,2
13413,2
13421,2
13434,2
13444,2
13446,7
13459,7
13460,7
13461,2
13464,2
13466,7
13468,2
13472,7
13474,7
13475,2
13477,7
13479,2
13480,7
13481,7
13505,2
13516,7
13519,7
13520,7
13530,2
13544,7
13548,2
13549,2
13556,2
13559,7
13563,2
13566,7
13569,7
13571,2
13573,2
13576,7
13578,7
13590,7
13591,2
13594,7
13597,7
13598,7
13600,2
13606,2
13609,2
13612,7
13615,7
13617,7
13630,7
13639,2
13652,2
13654,2
13659,2
13661,2
13662,7
13665,2
13674,2
13677,7
13681,7
13687,7
13691,7
13696,2
13701,7
13703,2
13706,7
13709,7
13717,2
13718,7
13720,2
13724,7
13726,2
13728,7
13732,2
13736,7
13742,7
13744,7
13747,2
13751,7
13758,2
13759,7
13762,7
13766,7
13768,2
13772,7
13775,7
13776,2
13778,2
13782,2
13792,7
13800,7
13803,7
13805,7
13807,7
13809,7
13813,7
13814,7
13830,2
13831,2
13833,2
13834,2
13835,2
13836,2
13845,7
13847,2
13848,2
13855,2
13858,7
13868,2
13875,2
13876,7
13877,2
13884,2
13893,7
13896,2
13897,2
13903,2
13914,2
13920,2
13924,7
13931,7
13940,2
13943,2
13949,2
13951,7
13974,7
13975,7
13984,2
13985,7
13986,7
13987,2
13991,2
13994,7
13997,2
13998,7
14001,2
14005,2
14009,7
14010,7
14021,7
14022,7
14023,2
14028,7
14029,2
14031,2
14036,2
14041,7
14046,7
14047,2
14066,7
14073,2
14076,7
14077,2
14087,2
14101,7
14105,7
14107,2
14123,2
14134,2
14138,7
14158,7
14162,2
14168,2
14172,7
14174,7
14191,2
14192,7
14194,7
14195,7
14196,2
14201,7
14206,7
14216,7
14221,2
14224,2
14230,2
14237,2
14240,7
14242,7
14244,7
14259,7
14264,2
14269,7
14271,2
14275,2
14276,7
14279,2
14284,7
14289,2
14300,7
14301,7
14305,2
14313,7
14316,7
14318,7
14323,7
14325,2
14337,7
14339,2
14340,2
14347,7
14348,2
14350,7
14357,2
14358,2
14360,2
14364,2
14368,2
14371,7
14379,2
14382,2
14387,2
14389,7
14392,2
14404,7
14405,7
14408,2
14410,2
14411,2
14423,2
14426,2
14428,2
14433,2
14437,7
14439,2
14441,7
14445,2
14463,2
14464,2
14467,7
14482,7
14485,2
14488,7
14490,7
14496,2
14497,7
14500,7
14501,2
14507,2
14509,7
14510,7
14511,2
14512,2
14514,2
14519,7
14526,7
14530,2
14531,7
14536,2
14537,7
14541,2
14547,2
14551,7
14552,2
14553,7
14554,2
14562,2
14569,2
14571,7
14577,7
14589,7
14600,2
14607,7
14608,7
14610,2
14613,2
14620,2
14621,7
14624,2
14629,2
14633,7
14635,2
14637,7
14638,7
14639,7
14644,2
14650,2
14655,7
14657,7
14666,7
14670,7
14677,7
14680,2
14684,2
14686,7
14708,7
14710,2
14714,2
14715,2
14727,7
14728,2
14731,7
14732,2
14733,7
14734,7
14737,2
14739,7
14746,2
14747,2
14749,7
14763,7
14769,7
14776,7
14784,7
14787,7
14789,2
14793,2
14808,2
14811,7
14813,2
14825,7
14827,7
14830,7
14840,2
14847,7
14849,7
14862,7
14864,7
14866,2
14869,7
14876,7
14882,2
14888,7
14896,2
14904,7
14911,7
14916,7
14925,2
14927,7
14936,2
14945,2
14946,2
14955,7
14959,2
14978,7
14981,7
14982,7
14986,2
14988,7
14990,7
14994,2
14997,2
15000,2
15012,7
15015,2
15018,7
15035,2
15036,7
15038,2
15041,7
15042,2
15044,7
15053,7
15055,7
15071,7
15074,2
15078,7
15084,2
15086,7
15091,7
15093,2
15100,7
15104,2
15114,7
15115,2
15117,2
15118,2
15120,7
15132,7
15143,2
15149,7
15158,7
15170,2
15171,7
15176,2
15177,2
15186,7
15190,7
15192,2
15195,2
15197,2
15221,7
15225,7
15233,2
15234,7
15235,7
15236,7
15240,7
15242,7
15244,7
15249,7
15251,7
15254,7
15259,2
15265,2
15269,2
15271,2
15285,2
15289,7
15295,2
15301,2
15310,2
15312,7
15314,7
15318,7
15326,7
15333,2
15336,7
15337,2
15343,7
15352,2
15353,2
15356,7
15357,7
15365,7
15366,7
15368,7
15370,2
15378,7
15381,2
15386,7
15387,7
15388,2
15392,7
15399,2
15400,7
15402,2
15408,2
15412,7
15420,7
15424,7
15430,7
15437,7
15444,2
15451,2
15459,2
15464,2
15465,2
15466,2
15474,2
15479,2
15484,2
15485,2
15492,7
15493,7
15494,7
15497,2
15507,7
15510,7
15518,7
15522,7
15528,2
15533,7
15536,7
15540,2
15541,7
15542,7
15544,7
15548,7
15550,2
15553,7
15556,2
15559,7
15561,7
15574,7
15575,7
15577,2
15580,7
15582,7
15591,7
15593,7
15603,2
15609,2
15612,7
15616,2
15617,7
15621,2
15623,2
15633,2
15642,2
15650,2
15657,7
15660,2
15663,2
15669,7
15671,2
15681,7
15699,7
15700,7
15705,2
15709,7
15718,2
15721,2
15722,2
15723,2
15724,2
15725,2
15739,7
15744,2
15746,7
15757,2
15782,7
15786,7
15789,7
15795,2
15809,2
15815,2
15823,7
15827,7
15836,7
15839,7
15844,7
15846,7
15854,7
15856,2
15857,2
15858,7
15864,2
15880,2
15883,2
15887,2
15901,2
15910,7
15914,7
15920,7
15924,2
15925,2
15931,7
15937,7
15942,7
15944,2
15945,7
15947,7
15948,2
15949,2
15950,2
15951,7
15958,7
15963,2
15979,7
15980,2
15985,2
15986,7
15990,2
15997,7
16000,2
16001,2
16009,7
16013,7
16018,2
16027,2
16029,2
16032,7
16043,7
16044,2
16045,7
16053,2
16064,7
16069,7
16071,7
16075,2
16081,2
16086,2
16088,2
16089,2
16092,2
16096,2
16097,2
16099,7
16105,7
16106,2
16124,7
16131,2
16136,7
16149,2
16155,7
16158,7
16162,7
16167,7
16169,7
16178,7
16179,2
16183,7
16184,2
16190,2
16191,7
16198,2
16202,7
16207,2
16214,7
16218,2
16219,2
16222,7
16229,2
16232,2
16233,7
16236,7
16239,7
16241,2
16243,7
16248,7
16264,2
16270,7
16274,7
16292,2
16300,7
16310,2
16313,7
16323,2
16325,7
16331,7
16340,7
16341,2
16349,2
16370,2
16372,2
16374,2
16376,2
16378,2
16379,7
16388,2
16394,7
16396,2
16399,7
16410,2
16412,7
16421,2
16429,7
16434,2
16436,2
16439,7
16445,2
16447,7
16448,2
16449,2
16454,7
16456,7
16461,2
16467,2
16474,2
16475,7
16479,7
16485,7
16487,7
16493,7
16503,2
16509,7
16515,7
16516,2
16517,2
16531,2
16532,7
16536,2
16539,7
16546,2
16547,7
16549,7
16553,7
16555,7
16559,2
16563,2
16564,2
16569,7
16571,7
16573,7
16574,7
16591,2
16594,7
16596,7
16597,7
16600,7
16604,7
16606,7
16622,7
16632,7
16644,2
16648,2
16649,7
16651,2
16654,7
16663,2
16668,2
16669,2
16671,2
16675,2
16686,2
16688,2
16690,2
16694,7
16695,7
16699,2
16701,7
16704,7
16709,7
16723,2
16726,2
16731,2
16743,7
16745,7
16751,2
16759,2
16762,7
16768,2
16772,7
16788,2
16795,2
16802,7
16814,7
16818,7
16825,7
16846,7
16848,7
16854,2
16858,7
16862,2
16865,2
16876,7
16884,2
16888,2
16889,7
16901,7
16914,7
16924,2
16925,7
16931,7
16934,7
16941,2
16943,7
16944,7
16957,2
16964,2
16965,2
16966,2
16982,7
16985,7
16986,2
16991,2
16995,7
17000,7
17005,2
17006,7
17007,2
17008,7
17009,7
17010,2
17017,7
17019,2
17022,2
17026,7
17030,2
17031,2
17034,7
17036,7
17041,7
17046,2
17051,2
17056,7
17059,2
17060,2
17061,2
17066,7
17070,2
17074,7
17086,7
17094,2
17096,7
17098,7
17099,7
17100,7
17105,2
17109,2
17110,7
17111,7
17116,2
17126,2
17127,2
17129,7
17133,2
17137,2
17138,7
17144,2
17150,7
17163,2
17169,7
17174,2
17176,2
17178,2
17180,7
17182,7
17184,7
17201,7
17202,7
17204,2
17209,2
17222,7
17223,2
17229,7
17230,2
17238,2
17242,2
17251,2
17253,2
17255,7
17257,7
17262,7
17269,7
17273,2
17274,2
17282,2
17283,7
17290,2
17291,2
17314,2
17320,2
17328,7
17335,2
17337,7
17338,7
17339,2
17341,7
17344,7
17357,2
17358,2
17359,7
17365,2
17379,2
17384,2
17386,7
17389,7
17390,7
17391,2
17409,7
17411,2
17422,2
17430,7
17447,7
17451,7
17457,7
17459,7
17462,2
17464,7
17468,7
17469,7
17477,7
17478,7
17479,2
17481,7
17483,7
17501,7
17502,2
17507,2
17509,2
17510,7
17512,7
17524,2
17526,7
17527,2
17543,7
17549,2
17552,7
17566,2
17572,2
17584,7
17585,7
17588,2
17590,7
17596,7
17597,2
17604,2
17609,7
17617,2
17620,7
17622,2
17626,2
17627,2
17628,7
17629,7
17634,7
17644,2
17648,2
17650,7
17654,7
17659,2
17661,7
17664,2
17665,7
17668,7
17672,7
17675,7
17683,2
17684,7
17689,7
17694,7
17698,7
17706,7
17712,7
17715,2
17718,7
17725,7
17735,2
17739,7
17743,7
17749,2
17751,7
17753,2
17759,2
17761,2
17773,2
17777,2
17781,2
17784,2
17789,7
17791,7
17797,2
17816,7
17823,2
17824,7
17826,7
17830,7
17831,2
17832,2
17836,2
17840,2
17849,2
17850,7
17853,2
17854,7
17858,7
17863,2
17864,2
17877,7
17881,2
17887,2
17889,2
17894,2
17897,7
17907,7
17916,7
17922,7
17923,7
17927,2
17934,2
17937,7
17939,7
17950,2
17957,7
17972,2
17973,2
17979,2
17980,7
17984,2
17993,2
18006,2
18008,2
18011,2
18015,7
18017,2
18027,2
18028,2
18029,7
18033,7
18038,7
18041,7
18045,7
18049,2
18058,2
18060,2
18067,7
18070,7
18074,2
18075,7
18080,7
18081,7
18084,2
18088,2
18097,2
18099,2
18111,2
18112,7
18113,7
18114,7
18120,2
18133,2
18135,2
18136,7
18146,2
18148,2
18149,2
18150,7
18151,2
18153,2
18155,7
18156,7
18165,7
18172,2
18181,2
18191,7
18195,7
18201,2
18220,2
18221,2
18228,2
18230,2
18235,2
18237,7
18245,2
18253,7
18257,2
18276,2
18278,7
18279,2
18281,2
18282,2
18283,7
18288,2
18291,2
18297,2
18299,7
18301,2
18302,7
18308,7
18310,2
18312,7
18314,7
18320,2
18325,7
18330,7
18331,2
18332,2
18333,7
18344,2
18346,7
18352,7
18354,2
18357,2
18362,7
18364,7
18368,2
18371,7
18372,7
18376,7
18379,7
18392,2
18402,7
18407,2
18415,7
18423,2
18431,7
18442,2
18460,7
18462,7
18482,7
18485,7
18488,7
18490,2
18491,2
18500,2
18501,7
18505,2
18513,2
18521,2
18525,7
18532,2
18534,7
18539,2
18548,7
18549,7
18557,7
18560,2
18563,7
18566,7
18575,7
18578,2
18580,7
18586,7
18587,2
18594,7
18615,7
18622,7
18627,7
18639,2
18646,2
18662,2
18669,2
18670,7
18671,2
18673,2
18675,2
18680,2
18681,7
18688,7
18689,7
18698,7
18701,2
18702,7
18703,7
18706,7
18707,7
18709,2
18710,2
18713,7
18714,2
18715,7
18721,7
18726,2
18729,7
18735,2
18736,2
18744,7
18747,2
18751,7
18752,7
18756,2
18759,7
18760,2
18762,7
18763,2
18766,7
18770,2
18771,7
18772,2
18774,2
18781,7
18785,7
18810,7
18816,7
18819,7
18824,7
18826,7
18828,2
18835,7
18845,2
18873,7
18881,7
18882,7
18889,2
18895,7
18901,7
18910,2
18928,2
18932,2
18934,7
18935,7
18936,2
18939,2
18943,2
18949,7
18965,7
18967,2
18969,2
18971,2
18982,7
18992,7
19001,2
19007,7
19013,7
19027,2
19032,2
19038,7
19044,2
19049,2
19053,2
19054,7
19057,7
19058,7
19071,2
19075,2
19076,7
19082,2
19084,7
19091,7
19119,7
19122,7
19126,7
19127,7
19130,2
19136,7
19139,2
19143,7
19144,7
19150,7
19152,2
19155,7
19157,7
19159,7
19165,2
19168,7
19170,2
19172,7
19175,2
19176,7
19178,7
19179,2
19183,7
19184,7
19187,2
19191,7
19192,2
19193,7
19195,2
19202,7
19211,2
19214,2
19216,7
19222,7
19236,2
19242,7
19243,2
19244,7
19246,2
19249,2
19250,7
19252,7
19257,2
19263,2
19265,7
19269,7
19270,7
19272,7
19277,7
19283,2
19291,2
19307,2
19311,2
19321,7
19326,2
19340,2
19346,7
19347,2
19348,2
19349,2
19355,2
19357,7
19362,2
19365,7
19370,7
19372,2
19390,7
19397,2
19405,7
19406,2
19408,7
19411,7
19415,2
19416,7
19417,7
19423,2
19429,2
19433,7
19434,7
19435,2
19441,7
19443,7
19454,2
19457,2
19458,7
19461,2
19481,7
19486,7
19487,7
19489,2
19493,2
19498,2
19500,2
19503,2
19507,2
19513,2
19514,7
19518,7
19521,7
19524,7
19525,7
19526,2
19531,7
19538,7
19544,7
19545,7
19553,2
19556,2
19560,2
19561,2
19563,2
19564,2
19569,7
19571,2
19572,7
19583,2
19591,2
19595,7
19612,7
19636,7
19638,2
19644,7
19645,7
19647,2
19652,7
19655,7
19659,7
19664,2
19671,7
19676,2
19689,2
19699,2
19702,7
19703,7
19711,2
19712,7
19713,7
19722,7
19726,7
19728,2
19729,7
19730,7
19731,2
19734,7
19738,7
19743,7
19746,2
19749,7
19750,2
19755,7
19762,7
19766,7
19770,7
19771,7
19779,7
19781,7
19782,7
19819,2
19827,2
19838,7
19839,7
19842,7
19849,7
19850,2
19854,7
19855,7
19861,2
19866,2
19868,2
19872,7
19873,2
19893,7
19900,2
19904,2
19906,2
19918,7
19922,7
19924,7
19927,2
19938,7
19947,2
19955,7
19956,7
19958,7
19959,7
19961,2
19964,7
19970,7
19971,2
19983,2
19985,7
19987,2
19991,7
20000,2
20003,2
20005,2
20015,2
20027,7
20030,2
20031,2
20034,7
20057,7
20058,7
20059,2
20071,7
20081,7
20082,7
20094,7
20096,7
20100,7
20103,2
20105,2
20111,7
20113,7
20115,7
20120,2
20124,2
20125,2
20127,7
20129,2
20134,7
20141,7
20157,2
20159,7
20171,7
20172,7
20178,7
20193,7
20196,2
20200,7
20210,7
20213,7
20215,7
20220,2
20222,7
20225,7
20228,2
20232,2
20237,7
20249,2
20250,7
20252,7
20258,2
20265,2
20268,2
20273,7
20284,7
20286,7
20291,7
20296,7
20299,2
20300,7
20308,2
20320,7
20322,7
20327,7
20330,7
20331,2
20332,7
20335,7
20338,7
20339,2
20345,2
20349,2
20351,2
20356,7
20357,2
20358,2
20362,7
20372,2
20373,2
20374,2
20380,7
20387,2
20392,2
20395,2
20398,7
20399,2
20406,7
20409,2
20410,2
20414,7
20417,7
20420,7
20427,2
20429,7
20434,2
20436,7
20446,7
20448,7
20452,7
20464,2
20465,2
20467,7
20474,7
20480,7
20503,2
20505,7
20507,7
20512,2
20513,2
20520,7
20521,2
20530,7
20532,7
20535,7
20545,2
20546,2
20557,7
20558,2
20560,2
20561,7
20563,2
20565,2
20570,7
20571,7
20576,7
20587,7
20604,7
20608,7
20612,7
20630,2
20638,7
20639,2
20644,2
20667,2
20680,2
20683,7
20686,2
20689,7
20704,7
20705,2
20706,7
20725,2
20734,7
20736,2
20743,7
20746,7
20747,2
20749,2
20753,2
20758,2
20768,2
20771,7
20773,2
20777,2
20778,2
20779,7
20787,2
20813,2
20814,7
20822,2
20827,2
20830,7
20831,2
20834,7
20838,2
20840,7
20841,7
20848,2
20852,7
20860,2
20863,7
20865,2
20867,2
20873,2
20876,7
20881,7
20885,2
20888,2
20896,2
20897,7
20904,2
20907,2
20916,7
20917,2
20923,7
20925,7
20926,7
20927,7
20931,7
20934,7
20935,2
20936,7
20940,7
20943,2
20952,7
20954,2
20962,7
20964,7
20972,2
20982,7
20983,2
20986,7
20994,7
21001,2
21002,2
21006,7
21008,7
21023,2
21031,7
21039,2
21041,2
21045,7
21052,2
21058,2
21063,7
21082,2
21084,7
21085,7
21087,7
21095,7
21097,7
21101,7
21103,2
21107,7
21109,2
21111,7
21115,2
21116,7
21118,7
21121,7
21122,2
21124,7
21125,7
21131,2
21143,2
21153,7
21154,7
21156,7
21161,2
21163,2
21164,2
21176,7
21178,2
21179,7
21195,7
21209,7
21212,7
21213,7
21218,7
21224,7
21225,7
21226,2
21227,7
21229,7
21231,7
21240,7
21242,2
21243,7
21245,2
21253,7
21256,2
21259,7
21261,7
21262,7
21263,7
21271,2
21279,7
21282,7
21293,2
21295,7
21299,7
21300,7
21301,7
21316,7
21324,7
21326,2
21336,7
21338,7
21339,2
21342,2
21344,7
21354,7
21358,7
21363,2
21365,7
21369,7
21372,2
21381,7
21394,2
21395,7
21411,2
21414,7
21415,7
21416,7
21421,2
21429,7
21436,7
21439,7
21441,2
21444,7
21450,7
21452,2
21458,2
21466,7
21467,2
21468,2
21480,2
21481,7
21486,2
21488,7
21492,7
21497,7
21501,2
21520,7
21525,7
21534,2
21549,7
21551,7
21552,2
21561,7
21564,2
21571,2
21587,2
21588,2
21600,7
21606,7
21607,2
21615,2
21626,7
21627,7
21631,2
21637,7
21640,7
21647,7
21649,2
21654,7
21659,7
21665,2
21667,2
21674,7
21685,7
21686,2
21693,7
21694,7
21697,7
21707,2
21711,2
21713,2
21722,7
21729,2
21733,2
21734,7
21744,2
21745,7
21757,7
21763,7
21772,2
21774,2
21776,7
21783,7
21787,7
21789,2
21793,7
21802,7
21806,2
21811,7
21814,2
21818,2
21820,2
21823,7
21830,2
21831,7
21838,2
21839,7
21840,7
21847,2
21850,7
21867,2
21868,2
21879,7
21883,7
21887,2
21889,2
21896,7
21912,2
21917,2
21925,2
21938,2
21943,7
21949,7
21952,7
21956,2
21958,2
21960,7
21968,2
21970,2
21974,2
21975,2
21987,2
21988,2
21994,7
21999,2
22000,7
22011,7
22026,7
22034,7
22035,2
22037,7
22045,7
22056,2
22059,7
22061,2
22073,2
22082,7
22089,7
22092,7
22093,2
22100,7
22102,2
22119,2
22120,7
22122,2
22124,7
22126,2
22131,2
22134,7
22138,7
22140,7
22141,2
22147,7
22157,2
22162,2
22167,2
22168,2
22169,7
22172,2
22173,7
22180,2
22181,2
22189,2
22190,7
22191,2
22202,7
22210,7
22220,7
22221,7
22224,7
22226,2
22230,7
22237,7
22242,2
22246,2
22249,2
22252,7
22254,7
22255,7
22257,2
22260,2
22261,2
22263,7
22264,7
22265,7
22270,2
22284,7
22291,2
22294,7
22300,2
22316,7
22319,2
22321,2
22322,7
22323,7
22324,7
22327,2
22336,7
22340,2
22342,7
22354,7
22356,7
22358,2
22361,2
22367,2
22368,2
22374,2
22384,7
22388,2
22394,2
22396,7
22397,7
22398,2
22403,7
22405,7
22406,2
22407,2
22413,2
22417,7
22419,2
22420,2
22423,7
22426,2
22430,2
22436,7
22437,2
22440,2
22450,7
22454,7
22455,2
22466,2
22468,7
22473,7
22476,7
22484,7
22486,7
22487,7
22491,2
22496,2
22511,2
22514,2
22519,2
22523,7
22537,2
22539,2
22540,7
22547,7
22554,2
22556,2
22558,2
22559,2
22576,2
22579,7
22582,7
22586,2
22590,2
22592,7
22593,7
22595,7
22602,7
22604,7
22605,2
22606,2
22608,7
22609,7
22612,7
22616,7
22617,2
22620,7
22624,2
22628,2
22631,7
22634,7
22636,7
22640,2
22647,7
22651,2
22658,7
22682,2
22683,2
22684,2
22687,7
22694,2
22698,7
22699,7
22711,7
22712,2
22726,7
22729,7
22730,2
22732,7
22738,7
22739,2
22740,2
22752,2
22757,2
22760,2
22761,2
22769,2
22771,7
22772,2
22774,7
22776,2
22778,7
22781,2
22783,2
22784,2
22797,2
22801,7
22807,2
22813,7
22815,7
22826,7
22829,2
22833,7
22835,2
22836,2
22844,2
22847,7
22860,2
22864,2
22866,7
22867,7
22873,2
22887,7
22890,2
22891,2
22893,2
22896,7
22897,7
22899,7
22910,2
22914,7
22926,2
22930,7
22932,2
22933,7
22935,7
22936,7
22950,2
22951,2
22956,7
22969,2
22976,2
22980,2
22981,2
22984,7
22988,7
22990,2
22991,7
22994,7
22995,7
22996,7
22998,7
23004,7
23006,7
23007,2
23009,2
23011,2
23012,7
23013,7
23015,7
23020,7
23021,2
23030,2
23037,2
23040,2
23046,7
23048,2
23051,7
23065,7
23072,7
23073,7
23076,2
23082,7
23085,7
23088,7
23090,2
23092,2
23095,7
23096,2
23097,7
23103,7
23108,7
23114,7
23117,7
23120,2
23121,7
23123,2
23127,7
23131,7
23134,2
23135,2
23145,2
23148,7
23150,2
23154,7
23156,7
23163,7
23164,2
23165,7
23175,7
23177,7
23180,2
23183,2
23184,7
23185,2
23190,7
23192,7
23194,2
23197,7
23200,7
23202,2
23204,7
23207,7
23215,2
23226,7
23231,2
23238,7
23240,2
23241,7
23243,2
23252,7
23255,7
23262,2
23267,2
23271,7
23272,7
23273,7
23278,2
23284,7
23285,7
23287,7
23301,7
23319,7
23320,7
23321,7
23324,2
23325,7
23331,7
23338,7
23339,2
23351,2
23353,2
23355,2
23362,7
23364,2
23365,7
23367,7
23370,2
23373,2
23380,2
23389,2
23395,7
23400,7
23401,7
23417,2
23420,7
23422,7
23424,7
23425,2
23428,2
23433,7
23434,7
23435,7
23440,7
23442,7
23450,2
23452,2
23458,2
23467,2
23476,2
23480,7
23481,7
23486,2
23490,7
23495,2
23499,7
23506,2
23511,7
23518,7
23520,7
23524,2
23535,2
23542,2
23551,2
23554,7
23563,7
23564,2
23567,2
23570,7
23574,7
23581,2
23584,7
23596,2
23606,7
23608,2
23609,2
23613,2
23620,7
23623,2
23624,2
23626,2
23627,7
23638,7
23640,2
23643,7
23653,2
23654,2
23658,2
23660,7
23661,2
23666,7
23667,2
23668,2
23670,7
23673,7
23681,7
23682,7
23683,2
23684,2
23703,7
23704,2
23705,2
23708,7
23722,2
23736,7
23741,7
23743,7
23747,7
23749,2
23752,2
23757,2
23758,7
23764,2
23772,2
23776,2
23779,7
23780,2
23782,7
23784,7
23785,7
23786,7
23788,7
23805,7
23813,2
23817,2
23823,2
23838,7
23846,7
23851,2
23858,7
23861,2
23868,2
23869,7
23881,7
23891,7
23912,2
23922,7
23928,2
23931,2
23934,2
23942,7
23946,7
23947,2
23949,2
23951,2
23953,2
23954,7
23960,2
23963,2
23966,7
23969,7
23977,7
23978,2
23980,2
23986,2
23991,7
23994,2
23997,7
23999,7
24002,7
24004,2
24008,2
24012,2
24015,7
24021,2
24023,7
24029,2
24038,7
24044,2
24052,7
24054,2
24057,2
24058,2
24068,2
24071,7
24080,2
24083,7
24087,2
24090,7
24113,2
24115,2
24124,2
24129,7
24130,7
24133,7
24137,7
24138,2
24140,2
24141,7
24144,2
24146,2
24178,2
24190,7
24191,2
24197,7
24200,2
24206,7
24213,2
24215,7
24217,2
24220,7
24223,7
24231,7
24238,7
24239,7
24243,7
24245,7
24247,2
24257,7
24270,2
24280,2
24284,2
24287,7
24289,7
24293,7
24304,7
24309,2
24327,7
24335,2
24340,2
24343,7
24344,2
24347,7
24348,7
24350,2
24351,7
24353,7
24357,2
24363,7
24371,7
24372,2
24378,2
24390,7
24391,7
24393,2
24423,2
24432,7
24438,2
24445,7
24447,7
24451,2
24455,7
24461,2
24464,2
24467,7
24470,2
24474,2
24480,2
24495,7
24507,7
24509,2
24514,2
24518,2
24520,7
24528,2
24529,7
24530,2
24534,2
24538,7
24541,7
24547,7
24552,2
24557,2
24562,7
24566,7
24569,7
24572,7
24575,7
24577,2
24581,7
24590,2
24597,7
24602,7
24603,2
24613,2
24617,7
24619,7
24627,7
24628,7
24631,2
24637,7
24642,7
24645,7
24652,2
24656,7
24663,2
24677,7
24683,7
24687,7
24699,7
24704,7
24734,7
24738,7
24739,2
24741,7
24745,2
24748,7
24761,2
24764,7
24768,2
24772,7
24773,7
24777,2
24778,2
24780,7
24791,2
24794,2
24795,2
24797,2
24803,7
24816,2
24820,7
24824,2
24845,7
24849,7
24859,2
24864,7
24865,2
24866,2
24869,2
24877,7
24885,2
24893,2
24898,7
24899,7
24903,2
24905,2
24908,7
24917,2
24923,7
24928,7
24929,2
24932,7
24937,7
24946,7
24949,7
24954,7
24955,2
24957,7
24958,7
24970,2
24979,7
24992,7
24993,2
24999,2
25004,2
25012,2
25016,2
25017,2
25025,7
25027,2
25033,7
25034,2
25035,2
25038,2
25040,7
25041,7
25044,2
25048,2
25051,7
25064,2
25078,7
25080,2
25081,2
25084,2
25086,2
25097,2
25098,2
25104,7
25117,2
25121,7
25122,2
25126,2
25127,2
25130,2
25131,2
25143,2
25149,2
25150,2
25151,2
25159,7
25161,7
25164,2
25167,7
25176,2
25183,2
25186,7
25193,2
25194,2
25202,7
25205,2
25206,7
25207,2
25215,2
25223,2
25224,7
25228,2
25232,7
25240,2
25249,2
25253,7
25264,2
25265,2
25266,2
25268,2
25271,2
25272,2
25274,2
25283,7
25290,2
25302,7
25308,2
25309,2
25313,2
25315,7
25335,7
25336,7
25340,7
25348,2
25352,7
25359,2
25362,2
25366,7
25368,2
25376,7
25377,7
25378,7
25389,2
25395,2
25398,2
25406,2
25408,7
25426,7
25428,2
25432,2
25438,7
25447,2
25456,7
25459,2
25461,7
25466,7
25469,7
25470,7
25492,7
25494,7
25499,2
25501,7
25505,2
25507,2
25524,2
25527,7
25533,2
25535,2
25539,7
25542,7
25546,2
25547,7
25561,7
25563,2
25564,7
25571,7
25579,2
25581,7
25583,2
25584,7
25586,2
25597,2
25599,2
25605,2
25607,7
25609,2
25610,7
25613,7
25614,7
25616,7
25622,7
25632,7
25639,2
25640,7
25642,7
25643,7
25644,2
25646,7
25648,2
25658,7
25659,7
25675,2
25679,2
25694,7
25695,2
25713,2
25714,7
25722,7
25723,2
25725,2
25727,7
25730,2
25739,7
25742,7
25757,2
25761,7
25764,2
25766,2
25773,7
25774,2
25776,7
25789,2
25793,7
25797,7
25798,2
25800,2
25804,2
25805,7
25809,2
25812,2
25817,7
25819,7
25824,2
25826,7
25833,2
25838,2
25839,2
25843,7
25852,2
25853,7
25854,2
25857,7
25858,7
25862,7
25870,7
25874,7
25876,2
25881,7
25886,7
25887,2
25888,2
25894,7
25899,2
25906,2
25913,7
25915,7
25918,7
25924,7
25925,2
25929,7
25936,7
25937,2
25938,7
25940,7
25951,7
25952,2
25953,2
25956,7
25957,2
25963,7
25968,7
25971,2
25977,7
25984,7
25992,2
25994,7
26000,7
26001,2
26004,2
26010,7
26017,7
26018,7
26019,7
26036,7
26040,7
26043,2
26051,2
26056,7
26057,2
26065,2
26071,2
26073,2
26077,2
26082,2
26084,7
26087,7
26089,7
26090,2
26094,2
26100,2
26105,2
26120,2
26121,2
26128,2
26129,2
26138,2
26140,2
26152,7
26160,2
26161,2
26162,7
26167,2
26171,2
26175,7
26186,7
26191,2
26206,2
26211,2
26217,7
26220,2
26221,2
26225,2
26229,7
26232,7
26237,7
26240,2
26257,2
26259,7
26260,7
26263,7
26264,7
26278,2
26281,2
26282,7
26283,7
26293,7
26294,2
26308,2
26317,2
26325,2
26326,7
26337,2
26338,2
26350,2
26351,2
26355,7
26358,2
26360,2
26369,7
26376,2
26389,7
26394,7
26396,7
26399,2
26402,2
26409,7
26419,2
26425,2
26431,2
26436,7
26447,7
26457,7
26464,2
26465,7
26467,2
26472,7
26473,2
26475,2
26483,7
26484,2
26492,7
26494,7
26496,2
26497,7
26498,2
26508,7
26520,2
26523,2
26527,2
26531,7
26544,7
26547,7
26548,7
26549,7
26560,7
26561,2
26569,7
26570,7
26572,2
26587,2
26589,7
26603,7
26604,2
26608,2
26615,7
26617,7
26626,2
26638,2
26647,7
26648,7
26662,2
26663,7
26665,2
26668,7
26686,2
26691,7
26708,7
26710,7
26715,2
26717,7
26718,7
26719,2
26721,2
26724,7
26731,2
26743,7
26747,7
26750,2
26754,7
26755,2
26756,2
26762,2
26771,2
26774,2
26789,2
26791,7
26794,7
26800,2
26802,7
26803,7
26808,7
26813,7
26816,2
26826,2
26827,7
26832,2
26835,7
26840,2
26842,7
26857,7
26858,2
26863,7
26872,2
26873,7
26890,7
26899,7
26900,7
26902,2
26907,7
26908,2
26912,2
26917,2
26926,7
26931,2
26933,7
26939,7
26940,7
26941,2
26943,2
26945,2
26967,2
26968,7
26969,7
26972,2
26975,2
26978,7
26980,2
26988,7
26996,2
27005,2
27008,7
27009,7
27016,7
27017,7
27027,2
27032,2
27035,7
27041,2
27053,7
27054,2
27055,7
27056,2
27059,2
27063,2
27064,7
27067,2
27072,2
27073,2
27076,2
27077,7
27083,7
27087,2
27090,2
27095,7
27097,2
27105,2
27110,7
27123,7
27131,2
27135,2
27140,7
27149,2
27152,2
27156,7
27161,2
27169,7
27171,2
27179,7
27185,7
27190,2
27198,7
27207,2
27212,2
27213,2
27219,7
27220,2
27223,7
27231,7
27242,7
27245,7
27246,2
27248,7
27249,2
27251,7
27267,2
27268,7
27274,2
27279,2
27282,7
27287,7
27290,7
27299,7
27300,2
27303,7
27305,2
27307,2
27309,2
27312,2
27314,7
27316,7
27318,7
27322,7
27323,2
27333,2
27334,2
27335,7
27385,2
27397,2
27399,2
27400,7
27404,7
27405,7
27407,2
27415,2
27417,2
27423,7
27432,2
27438,7
27442,2
27445,7
27448,7
27450,7
27453,7
27455,7
27457,7
27473,7
27475,7
27476,2
27477,2
27487,2
27496,2
27504,2
27512,2
27521,7
27523,2
27544,7
27545,2
27552,7
27562,2
27567,2
27569,7
27575,2
27578,7
27581,2
27583,2
27596,7
27603,2
27610,7
27614,2
27627,7
27631,2
27636,2
27637,7
27639,2
27641,7
27650,2
27654,2
27655,7
27666,7
27669,7
27687,7
27689,2
27692,7
27695,2
27704,7
27713,7
27716,7
27722,2
27723,7
27730,7
27736,2
27742,2
27746,2
27748,7
27752,7
27760,7
27775,7
27776,7
27784,7
27809,2
27812,2
27816,7
27828,7
27833,2
27835,7
27837,2
27841,7
27849,7
27856,7
27862,2
27863,2
27873,7
27876,2
27880,7
27884,2
27885,2
27886,7
27887,7
27888,2
27891,7
27894,7
27895,7
27899,7
27901,7
27911,7
27913,2
27915,7
27923,7
27924,7
27934,7
27937,2
27947,2
27950,2
27955,7
27961,2
27964,7
27980,7
27982,7
27983,2
27987,2
27991,7
27993,2
28001,7
28002,7
28013,7
28016,2
28017,7
28021,2
28031,2
28035,7
28038,2
28048,2
28050,7
28054,7
28061,2
28062,2
28064,2
28071,2
28082,7
28089,2
28092,7
28094,2
28095,7
28100,2
28105,7
28107,7
28116,7
28117,2
28123,2
28129,7
28140,2
28142,7
28148,2
28167,7
28171,7
28172,7
28173,2
28175,2
28184,2
28187,7
28196,7
28200,7
28210,7
28214,7
28215,7
28226,2
28236,2
28245,7
28248,7
28251,7
28253,2
28255,2
28263,2
28266,2
28269,2
28278,7
28282,2
28318,7
28321,2
28324,7
28332,7
28333,2
28334,2
28350,7
28354,7
28358,7
28370,2
28373,2
28374,2
28385,2
28386,2
28391,7
28392,7
28400,2
28405,7
28409,7
28410,2
28418,7
28421,7
28424,2
28437,7
28438,2
28445,7
28446,2
28448,7
28457,2
28472,2
28478,7
28479,2
28482,7
28496,2
28503,7
28505,7
28507,7
28511,2
28512,2
28517,7
28519,2
28520,2
28521,7
28549,2
28565,7
28576,2
28581,2
28594,7
28596,7
28602,7
28606,7
28614,7
28615,7
28617,2
28619,2
28621,2
28622,2
28624,7
28628,2
28632,7
28635,2
28639,2
28640,7
28650,7
28657,2
28658,7
28673,7
28678,2
28683,2
28684,2
28686,7
28689,7
28695,7
28696,7
28705,7
28710,7
28713,7
28716,2
28717,7
28720,2
28721,2
28722,2
28723,7
28724,7
28734,2
28735,2
28738,7
28741,7
28744,2
28754,7
28756,2
28765,7
28767,7
28769,2
28780,2
28781,7
28782,7
28787,2
28790,2
28791,7
28792,2
28797,7
28808,2
28819,2
28828,2
28829,7
28831,2
28833,2
28834,2
28840,7
28844,2
28854,2
28864,2
28865,7
28868,7
28869,2
28872,2
28873,7
28876,7
28892,7
28900,7
28902,7
28904,7
28908,2
28914,2
28921,2
28925,7
28926,7
28932,2
28939,2
28950,7
28955,7
28963,7
28970,7
28976,2
28985,2
29003,2
29027,2
29028,7
29029,7
29043,7
29059,2
29061,2
29068,2
29070,7
29071,7
29076,7
29081,7
29088,7
29090,2
29092,2
29094,7
29096,2
29097,7
29098,7
29104,2
29106,7
29108,2
29119,7
29121,7
29128,7
29129,7
29140,2
29149,2
29154,2
29165,2
29167,7
29171,2
29174,7
29187,7
29191,7
29192,7
29193,7
29194,7
29197,7
29207,7
29209,7
29215,2
29216,7
29218,7
29219,7
29220,7
29222,7
29225,7
29227,7
29235,2
29236,7
29245,7
29246,7
29253,2
29255,7
29256,2
29257,2
29258,2
29260,7
29263,2
29265,7
29267,2
29274,7
29278,2
29291,7
29292,2
29293,7
29324,7
29328,7
29335,2
29343,7
29348,2
29350,2
29353,7
29365,2
29393,2
29400,7
29404,2
29407,2
29416,2
29436,7
29437,2
29446,2
29450,7
29453,7
29455,7
29463,2
29471,2
29474,2
29483,7
29502,2
29505,2
29506,7
29507,7
29510,7
29511,2
29512,2
29515,2
29517,2
29518,7
29538,2
29540,2
29542,2
29543,2
29546,2
29548,7
29554,2
29558,2
29563,7
29566,2
29568,2
29569,7
29585,7
29591,2
29593,2
29600,7
29601,2
29605,2
29608,7
29613,2
29615,7
29618,7
29624,7
29627,7
29632,2
29633,2
29641,7
29643,2
29653,7
29655,2
29658,7
29660,7
29668,2
29677,2
29685,7
29687,7
29689,7
29690,7
29691,2
29692,2
29701,2
29703,7
29711,7
29716,2
29728,7
29739,7
29744,7
29757,2
29760,2
29762,7
29764,2
29767,2
29770,7
29778,2
29793,2
29802,7
29805,2
29807,7
29811,7
29817,2
29822,7
29827,2
29829,2
29830,2
29839,7
29847,7
29853,2
29858,7
29860,7
29867,7
29873,2
29874,7
29879,2
29880,7
29881,7
29884,2
29887,2
29892,2
29909,7
29914,7
29915,7
29916,7
29919,7
29920,2
29923,2
29925,2
29937,2
29944,7
29954,2
29961,2
29967,2
29995,2
